PowerPeriod,PowerDate,ball_1,ball_2,ball_3,ball_4,ball_5,ball_6,gold
1,1/8/2017,5,10,14,23,24,38,35
2,3/8/2017,4,9,24,25,27,45,40
3,5/8/2017,1,5,11,32,40,45,43
4,8/8/2017,19,36,39,41,46,51,38
5,10/8/2017,10,11,19,41,50,54,3
6,12/8/2017,6,16,20,32,38,51,34
7,15/08/2017,7,11,19,32,33,51,30
8,17/08/2017,11,12,20,30,32,34,53
9,19/08/2017,7,11,13,15,26,51,36
10,22/08/2017,10,24,31,32,38,44,14
11,24/08/2017,5,16,18,37,42,46,10
12,26/08/2017,17,25,30,31,36,41,20
13,29/08/2017,4,12,15,23,24,41,44
14,31/08/2017,8,20,27,35,36,47,18
15,2/9/2017,5,9,11,18,19,37,50
16,5/9/2017,1,2,8,13,23,39,9
17,7/9/2017,4,18,22,31,32,40,8
18,9/9/2017,1,15,23,36,43,54,12
19,12/9/2017,6,10,12,47,48,51,35
20,14/09/2017,22,23,32,43,44,51,15
21,16/09/2017,9,12,21,26,29,52,24
22,19/09/2017,3,32,36,41,44,53,45
23,21/09/2017,9,12,16,24,43,51,39
24,23/09/2017,7,8,27,36,44,53,49
25,26/09/2017,14,15,18,30,36,49,19
26,28/09/2017,20,27,28,31,39,47,10
27,30/09/2017,4,17,23,25,34,46,24
28,3/10/2017,21,31,35,41,46,50,23
29,5/10/2017,1,3,14,19,35,41,20
30,7/10/2017,31,34,40,42,43,49,16
31,10/10/2017,29,33,43,44,45,50,41
32,12/10/2017,5,8,11,31,37,42,52
33,14/10/2017,14,18,29,35,44,49,54
34,17/10/2017,1,26,36,40,50,54,31
35,19/10/2017,6,15,17,24,40,45,39
36,21/10/2017,4,9,13,16,18,49,30
37,24/10/2017,1,2,9,13,32,35,52
38,26/10/2017,2,10,15,30,34,50,3
39,28/10/2017,13,18,35,36,41,48,47
40,31/10/2017,7,13,24,45,47,52,33
41,2/11/2017,3,9,12,21,51,52,7
42,4/11/2017,2,8,12,44,46,52,9
43,7/11/2017,19,32,36,37,42,54,28
44,9/11/2017,2,3,6,23,34,36,50
45,11/11/2017,12,26,33,35,36,44,1
46,14/11/2017,20,24,29,41,47,49,22
47,16/11/2017,1,16,22,25,47,48,21
48,18/11/2017,11,12,26,42,50,54,17
49,21/11/2017,5,8,23,37,38,54,55
50,23/11/2017,1,2,3,18,25,50,14
51,25/11/2017,2,9,16,46,52,55,50
52,28/11/2017,2,19,39,49,51,53,20
53,30/11/2017,5,13,26,37,53,55,28
54,2/12/2017,9,37,45,50,53,54,40
55,5/12/2017,27,38,40,42,46,55,5
56,7/12/2017,3,14,26,35,44,54,25
57,9/12/2017,5,34,35,42,49,52,21
58,12/12/2017,6,7,8,21,32,39,27
59,14/12/2017,11,12,22,28,46,50,7
60,16/12/2017,5,23,37,41,43,53,25
61,19/12/2017,2,3,20,25,38,44,12
62,21/12/2017,22,23,27,35,37,46,19
63,23/12/2017,7,8,9,13,28,44,12
64,26/12/2017,7,11,13,18,26,42,49
65,28/12/2017,7,18,26,29,31,35,34
66,30/12/2017,8,9,36,37,39,50,7
67,2/1/2018,4,7,8,34,37,47,24
68,4/1/2018,1,7,31,35,46,55,51
69,6/1/2018,4,11,24,35,41,45,17
70,9/1/2018,18,25,28,46,50,51,15
71,11/1/2018,4,7,30,35,37,45,1
72,13/01/2018,3,21,25,26,51,55,37
73,16/01/2018,6,27,33,41,42,49,22
74,18/01/2018,12,24,28,30,36,39,15
75,20/01/2018,2,7,15,16,41,45,19
76,23/01/2018,3,10,15,23,41,53,35
77,25/01/2018,1,10,30,44,45,50,4
78,27/01/2018,21,26,36,38,40,50,11
79,30/01/2018,15,19,24,51,53,55,29
80,1/2/2018,1,7,8,9,39,43,52
81,3/2/2018,12,29,42,48,54,55,18
82,6/2/2018,1,20,29,31,43,53,16
83,8/2/2018,21,22,29,37,41,50,33
84,10/2/2018,8,10,19,25,36,46,7
85,13/02/2018,9,25,26,30,42,54,19
86,17/02/2018,16,22,28,29,35,43,45
87,20/02/2018,1,2,21,24,50,52,33
88,22/02/2018,11,14,32,36,42,48,20
89,24/02/2018,5,7,24,32,45,49,1
90,27/02/2018,8,16,23,28,44,49,45
91,1/3/2018,4,5,7,17,20,38,9
92,3/3/2018,4,10,32,37,47,52,49
93,6/3/2018,2,6,13,22,40,48,12
94,8/3/2018,14,17,18,23,41,52,40
95,10/3/2018,9,20,27,31,48,49,42
96,13/03/2018,1,2,17,46,47,49,44
97,15/03/2018,15,20,23,28,39,49,19
98,17/03/2018,3,14,28,35,50,52,29
99,20/03/2018,11,40,43,46,49,55,37
100,22/03/2018,1,8,24,33,34,41,20
101,24/03/2018,1,30,38,45,48,50,12
102,27/03/2018,9,13,14,15,54,55,22
103,29/03/2018,5,27,35,39,46,52,31
104,31/03/2018,3,7,31,43,51,53,26
105,3/4/2018,20,21,39,42,51,53,1
106,5/4/2018,7,9,17,25,31,32,6
107,7/4/2018,12,24,33,34,36,53,5
108,10/4/2018,1,22,25,31,36,48,41
109,12/4/2018,4,29,35,37,42,54,19
110,14/04/2018,2,10,14,26,45,54,20
111,17/04/2018,2,10,26,27,31,38,39
112,19/04/2018,4,17,19,35,49,55,9
113,21/04/2018,16,18,41,43,46,55,35
114,24/04/2018,17,18,24,40,41,46,6
115,26/04/2018,23,26,29,31,36,54,55
116,28/04/2018,12,19,22,29,32,46,25
117,1/5/2018,1,7,20,23,25,38,14
118,3/5/2018,23,27,33,37,39,49,44
119,5/5/2018,16,32,33,37,40,48,15
120,8/5/2018,3,16,23,24,38,42,48
121,10/5/2018,2,6,8,34,39,43,11
122,12/5/2018,1,9,26,38,54,55,51
123,15/05/2018,3,6,29,37,44,49,24
124,17/05/2018,13,31,38,45,53,55,46
125,19/05/2018,33,35,45,52,53,55,25
126,22/05/2018,4,5,8,17,35,47,39
127,24/05/2018,24,25,26,29,36,48,40
128,26/05/2018,7,12,28,31,40,44,15
129,29/05/2018,9,13,17,18,46,50,26
130,31/05/2018,3,15,18,25,26,29,19
131,2/6/2018,5,7,17,22,32,33,6
132,5/6/2018,11,21,26,32,51,52,5
133,7/6/2018,11,16,18,26,46,47,42
134,9/6/2018,9,23,25,39,52,53,38
135,12/6/2018,4,13,23,27,29,35,14
136,14/06/2018,3,15,32,45,48,54,55
137,16/06/2018,14,15,21,30,44,47,48
138,19/06/2018,16,17,31,37,41,52,34
139,21/06/2018,2,8,19,23,25,33,32
140,23/06/2018,6,8,13,23,46,55,1
141,26/06/2018,17,18,21,39,40,43,3
142,28/06/2018,11,31,33,43,48,51,23
143,30/06/2018,3,12,23,24,30,33,1
144,3/7/2018,30,32,34,47,48,49,50
145,5/7/2018,4,15,22,24,43,51,48
146,7/7/2018,2,30,45,48,49,53,41
147,10/7/2018,6,10,16,20,27,29,24
148,12/7/2018,8,15,18,21,24,49,22
149,14/07/2018,4,19,23,34,38,50,1
150,17/07/2018,5,14,22,27,31,40,48
151,19/07/2018,11,13,28,34,44,47,10
152,21/07/2018,7,31,33,37,46,52,28
153,24/07/2018,11,18,34,37,50,53,20
154,26/07/2018,21,24,33,37,40,46,52
155,28/07/2018,11,16,22,25,30,40,9
156,31/07/2018,1,5,27,31,47,50,41
157,2/8/2018,6,11,16,17,41,55,7
158,4/8/2018,11,12,24,32,41,48,3
159,7/8/2018,3,9,15,20,39,49,4
160,9/8/2018,24,29,32,33,49,55,9
161,11/8/2018,16,17,31,33,42,44,14
162,14/08/2018,29,30,36,38,45,52,46
163,16/08/2018,6,10,34,46,48,51,47
164,18/08/2018,7,33,36,39,51,55,11
165,21/08/2018,9,12,14,23,32,46,31
166,23/08/2018,14,18,27,38,39,53,2
167,25/08/2018,10,11,15,32,40,48,27
168,28/08/2018,2,10,15,31,39,48,23
169,30/08/2018,5,22,28,42,49,54,36
170,1/9/2018,2,8,20,21,28,36,5
171,4/9/2018,8,18,20,29,34,37,51
172,6/9/2018,4,11,15,21,24,27,7
173,8/9/2018,9,11,12,24,35,43,15
174,11/9/2018,13,17,28,42,45,49,50
175,13/09/2018,4,6,7,26,40,44,9
176,15/09/2018,2,5,28,30,46,50,49
177,18/09/2018,8,21,32,43,48,53,38
178,20/09/2018,3,32,35,46,47,49,51
179,22/09/2018,1,8,17,28,40,50,21
180,25/09/2018,2,3,6,13,14,17,9
181,27/09/2018,8,12,29,35,51,54,34
182,29/09/2018,3,7,12,32,34,55,38
183,2/10/2018,3,7,28,32,33,37,22
184,4/10/2018,3,9,12,17,34,42,46
185,6/10/2018,5,6,16,42,48,51,3
186,9/10/2018,10,27,46,50,51,55,1
187,11/10/2018,5,16,17,37,46,49,35
188,13/10/2018,12,21,23,44,47,48,43
189,16/10/2018,5,28,29,34,42,46,17
190,18/10/2018,1,11,22,34,42,47,30
191,20/10/2018,2,5,10,17,35,41,21
192,23/10/2018,1,3,6,13,21,30,36
193,25/10/2018,16,23,29,31,45,48,19
194,27/10/2018,8,9,15,21,44,49,16
195,30/10/2018,1,12,22,27,30,39,46
196,1/11/2018,3,11,15,42,44,54,41
197,3/11/2018,14,17,20,23,25,45,34
198,6/11/2018,19,22,23,43,47,53,3
199,8/11/2018,22,28,31,39,52,53,14
200,10/11/2018,3,5,19,22,29,39,15
201,13/11/2018,3,25,26,32,41,47,5
202,15/11/2018,13,16,21,40,49,52,54
203,17/11/2018,12,22,26,29,45,47,15
204,20/11/2018,9,23,33,40,44,49,17
205,22/11/2018,17,22,24,28,37,44,6
206,24/11/2018,3,10,11,25,40,54,17
207,27/11/2018,3,5,23,28,35,44,8
208,29/11/2018,10,23,27,42,51,52,20
209,1/12/2018,3,5,12,20,25,33,41
210,4/12/2018,10,13,16,23,30,49,24
211,6/12/2018,9,13,23,27,39,42,49
212,8/12/2018,3,6,9,31,48,54,53
213,11/12/2018,1,5,11,37,39,44,31
214,13/12/2018,2,11,14,36,49,55,53
215,15/12/2018,14,17,49,52,53,55,12
216,18/12/2018,1,9,15,17,25,26,8
217,20/12/2018,8,17,24,33,34,44,55
218,22/12/2018,3,8,16,35,39,52,29
219,25/12/2018,3,9,17,21,23,51,15
220,27/12/2018,5,20,33,42,43,50,40
221,29/12/2018,8,36,42,43,50,52,30
222,1/1/2019,2,19,21,27,37,46,12
223,3/1/2019,23,31,37,45,49,54,18
224,5/1/2019,10,11,38,47,53,55,51
225,8/1/2019,3,5,9,11,45,48,40
226,10/1/2019,12,22,31,35,40,47,8
227,12/1/2019,7,13,14,26,42,54,11
228,15/01/2019,4,6,13,22,29,30,52
229,17/01/2019,13,14,22,34,35,55,54
230,19/01/2019,13,29,42,46,51,53,36
231,22/01/2019,1,14,22,40,52,55,21
232,24/01/2019,31,35,38,44,49,55,24
233,26/01/2019,20,27,33,43,53,54,48
234,29/01/2019,15,20,26,41,45,55,10
235,31/01/2019,10,19,20,28,34,44,29
236,2/2/2019,11,23,27,35,36,46,37
237,7/2/2019,20,27,28,32,47,50,41
238,9/2/2019,2,14,15,44,46,50,18
239,12/2/2019,1,12,17,34,48,49,47
240,14/02/2019,8,15,26,41,43,53,46
241,16/02/2019,5,8,14,28,37,40,41
242,19/02/2019,12,18,22,29,32,52,51
243,21/02/2019,3,10,11,15,29,34,50
244,23/02/2019,16,19,30,39,43,52,21
245,26/02/2019,8,9,16,34,42,43,45
246,28/02/2019,4,15,19,34,40,42,49
247,2/3/2019,1,2,3,20,46,48,31
248,5/3/2019,1,15,23,51,53,55,26
249,7/3/2019,2,14,20,33,41,47,27
250,9/3/2019,18,24,31,34,35,44,52
251,12/3/2019,9,16,26,34,44,49,19
252,14/03/2019,18,21,25,35,44,53,4
253,16/03/2019,10,18,22,24,35,40,53
254,19/03/2019,8,28,32,35,40,45,34
255,21/03/2019,7,18,32,42,46,53,28
256,23/03/2019,3,9,30,41,46,52,22
257,26/03/2019,15,19,28,40,44,48,14
258,28/03/2019,3,23,37,43,44,49,27
259,30/03/2019,3,15,18,35,50,54,32
260,2/4/2019,1,4,9,20,22,26,48
261,4/4/2019,16,26,29,38,47,51,13
262,6/4/2019,1,20,30,41,46,50,48
263,9/4/2019,10,14,19,36,48,49,3
264,11/4/2019,1,8,31,32,37,55,53
265,13/04/2019,9,13,20,21,36,43,32
266,16/04/2019,16,29,32,33,52,53,5
267,18/04/2019,7,8,15,24,26,48,10
268,20/04/2019,8,10,12,24,40,44,51
269,23/04/2019,20,21,22,31,43,45,30
270,25/04/2019,16,22,23,33,36,38,45
271,27/04/2019,1,11,22,26,33,51,4
272,30/04/2019,3,5,13,40,41,45,52
273,2/5/2019,2,10,16,17,33,36,20
274,4/5/2019,1,2,3,17,26,53,50
275,7/5/2019,3,6,7,8,9,49,24
276,9/5/2019,19,21,48,49,54,55,27
277,11/5/2019,6,11,20,22,26,28,36
278,14/05/2019,6,11,15,21,30,40,10
279,16/05/2019,8,28,30,33,40,43,24
280,18/05/2019,6,10,13,18,29,38,53
281,21/05/2019,11,12,29,31,37,53,41
282,23/05/2019,13,21,33,42,53,55,44
283,25/05/2019,4,12,35,44,50,55,19
284,28/05/2019,15,22,31,32,33,37,51
285,30/05/2019,17,31,33,34,37,40,35
286,1/6/2019,10,24,31,41,42,47,20
287,4/6/2019,18,20,24,26,33,41,55
288,6/6/2019,10,13,30,36,51,54,16
289,8/6/2019,2,8,10,23,27,35,47
290,11/6/2019,2,5,13,20,30,49,35
291,13/06/2019,6,9,15,22,29,53,25
292,15/06/2019,13,23,40,45,52,55,9
293,18/06/2019,24,31,45,46,47,54,4
294,20/06/2019,9,15,23,41,49,51,52
295,22/06/2019,1,9,23,28,42,54,49
296,25/06/2019,3,14,34,35,40,49,23
297,27/06/2019,9,29,32,44,49,53,5
298,29/06/2019,6,10,19,31,34,43,37
299,2/7/2019,2,9,33,45,52,54,1
300,4/7/2019,4,5,14,46,52,54,3
301,6/7/2019,5,29,36,39,46,53,48
302,9/7/2019,4,17,25,40,42,51,2
303,11/7/2019,6,9,15,26,35,38,34
304,13/07/2019,5,23,29,45,50,52,1
305,16/07/2019,4,12,19,31,33,40,51
306,18/07/2019,4,24,29,31,39,41,38
307,20/07/2019,15,18,25,32,42,52,10
308,23/07/2019,5,10,21,32,39,52,41
309,25/07/2019,3,31,34,41,52,53,16
310,27/07/2019,2,3,25,33,44,50,17
311,30/07/2019,3,8,12,21,32,51,7
312,1/8/2019,1,18,39,45,48,49,26
313,3/8/2019,13,24,25,26,27,30,4
314,6/8/2019,9,11,19,20,26,42,17
315,8/8/2019,1,6,17,18,21,41,22
316,10/8/2019,7,17,36,42,43,50,44
317,13/08/2019,4,8,16,27,32,40,23
318,15/08/2019,19,25,31,32,39,47,8
319,17/08/2019,9,11,24,26,38,53,41
320,20/08/2019,10,30,38,48,54,55,46
321,22/08/2019,4,7,16,17,30,39,27
322,24/08/2019,19,20,34,40,49,51,1
323,27/08/2019,16,22,29,33,46,47,55
324,29/08/2019,10,11,12,23,27,48,9
325,31/08/2019,13,20,23,32,51,52,42
326,3/9/2019,13,14,29,35,41,55,25
327,5/9/2019,20,24,27,30,33,45,21
328,7/9/2019,7,17,31,35,38,46,16
329,10/9/2019,6,9,19,39,50,54,37
330,12/9/2019,18,29,32,33,45,49,40
331,14/09/2019,10,36,42,44,45,54,14
332,17/09/2019,3,14,26,38,43,47,10
333,19/09/2019,2,8,22,34,39,41,13
334,21/09/2019,2,5,23,30,42,45,34
335,24/09/2019,12,33,39,40,48,53,35
336,26/09/2019,7,12,38,43,51,55,15
337,28/09/2019,4,8,21,23,40,43,44
338,1/10/2019,5,22,38,41,47,49,29
339,3/10/2019,4,7,8,26,37,44,29
340,5/10/2019,10,29,30,31,37,51,50
341,8/10/2019,8,36,39,43,48,50,40
342,10/10/2019,4,17,42,51,53,55,29
343,12/10/2019,21,39,48,51,53,55,5
344,15/10/2019,9,12,29,46,48,53,3
345,17/10/2019,5,11,14,34,51,53,16
346,19/10/2019,1,10,21,26,42,43,25
347,22/10/2019,2,16,26,27,36,40,31
348,24/10/2019,9,14,23,41,45,50,13
349,26/10/2019,18,20,22,50,51,53,35
350,29/10/2019,12,15,16,31,43,55,11
351,31/10/2019,18,19,22,37,47,48,46
352,2/11/2019,2,15,34,35,48,50,32
353,5/11/2019,3,6,16,17,44,50,28
354,7/11/2019,1,12,19,37,44,52,18
355,9/11/2019,1,3,6,25,29,41,12
356,12/11/2019,10,17,24,27,36,39,33
357,14/11/2019,9,12,16,36,41,55,35
358,16/11/2019,6,8,18,22,49,52,10
359,19/11/2019,19,21,33,35,38,40,4
360,21/11/2019,21,24,35,38,42,47,34
361,23/11/2019,7,29,30,45,50,55,15
362,26/11/2019,7,19,38,41,42,47,4
363,28/11/2019,1,18,26,28,53,55,14
364,30/11/2019,8,9,10,32,44,50,15
365,3/12/2019,21,29,36,41,50,52,42
366,5/12/2019,9,11,16,27,35,40,51
367,7/12/2019,7,18,38,42,47,51,8
368,10/12/2019,5,20,33,42,43,49,26
369,12/12/2019,1,9,15,42,49,50,48
370,14/12/2019,3,30,33,34,40,47,26
371,17/12/2019,4,5,14,19,22,37,43
372,19/12/2019,18,22,25,28,29,34,50
373,21/12/2019,5,8,20,34,37,42,51
374,24/12/2019,3,16,30,34,50,55,48
375,26/12/2019,5,6,12,18,23,54,26
376,28/12/2019,10,17,26,28,29,32,21
377,31/12/2019,2,22,26,28,44,55,27
378,2/1/2020,12,14,26,29,33,40,50
379,4/1/2020,4,14,26,42,44,55,48
380,7/1/2020,8,11,16,22,42,54,13
381,9/1/2020,17,20,21,29,52,54,51
382,11/1/2020,8,11,17,19,25,47,53
383,14/01/2020,3,4,17,39,50,51,53
384,16/01/2020,10,11,26,33,44,46,55
385,18/01/2020,13,18,19,23,32,43,11
386,21/01/2020,14,31,45,47,52,54,13
387,23/01/2020,9,15,18,25,31,49,46
388,28/01/2020,1,20,24,33,40,55,46
389,30/01/2020,12,18,28,30,47,50,41
390,1/2/2020,2,3,11,23,35,54,6
391,4/2/2020,6,10,20,47,52,55,46
392,6/2/2020,13,18,34,36,45,49,37
393,8/2/2020,9,12,19,25,41,54,38
394,11/2/2020,4,14,18,21,32,53,2
395,13/02/2020,25,28,32,34,35,39,7
396,15/02/2020,26,36,37,38,42,49,46
397,18/02/2020,27,32,36,37,47,48,50
398,20/02/2020,1,3,20,33,36,51,49
399,22/02/2020,7,24,32,49,51,54,44
400,25/02/2020,5,13,21,36,39,48,6
401,27/02/2020,3,11,21,29,47,55,50
402,29/02/2020,9,17,23,26,51,54,32
403,3/3/2020,14,15,31,40,43,49,12
404,5/3/2020,8,9,34,40,41,54,13
405,7/3/2020,5,11,21,30,40,48,20
406,10/3/2020,23,25,30,36,45,52,53
407,12/3/2020,2,14,19,24,27,34,48
408,14/03/2020,12,20,25,38,39,40,37
409,17/03/2020,1,14,18,43,49,50,8
410,19/03/2020,3,35,41,42,43,49,31
411,21/03/2020,10,12,14,17,29,53,25
412,24/03/2020,3,9,20,21,33,52,50
413,26/03/2020,7,8,11,31,35,36,45
414,28/03/2020,1,10,11,13,27,55,19
415,31/03/2020,12,19,40,41,43,53,23
416,25/04/2020,4,18,24,30,53,55,13
417,28/04/2020,4,6,10,16,30,46,34
418,30/04/2020,12,31,32,33,39,41,14
419,2/5/2020,2,6,9,16,43,53,19
420,5/5/2020,1,4,13,15,18,20,22
421,7/5/2020,9,19,28,30,32,54,22
422,9/5/2020,18,19,30,39,45,46,11
423,12/5/2020,1,8,25,34,38,44,28
424,14/05/2020,7,23,29,47,51,55,12
425,16/05/2020,19,35,38,49,52,55,1
426,19/05/2020,5,15,16,19,49,55,3
427,21/05/2020,2,15,22,25,30,46,10
428,23/05/2020,4,13,27,47,50,55,31
429,26/05/2020,11,12,23,24,34,47,43
430,28/05/2020,1,4,8,21,44,49,52
431,30/05/2020,12,13,41,42,48,53,20
432,2/6/2020,4,19,31,42,48,55,22
433,4/6/2020,6,12,16,34,39,54,19
434,6/6/2020,8,12,24,32,35,51,21
435,9/6/2020,1,3,8,22,42,48,44
436,11/6/2020,3,21,25,32,35,52,34
437,13/06/2020,7,9,11,30,43,53,10
438,16/06/2020,2,15,16,23,33,54,45
439,18/06/2020,5,18,27,45,50,54,9
440,20/06/2020,5,9,33,43,44,50,46
441,23/06/2020,2,18,28,46,52,54,19
442,25/06/2020,9,10,12,19,27,40,55
443,27/06/2020,2,6,38,47,50,53,14
444,30/06/2020,5,11,18,19,20,21,52
445,2/7/2020,4,10,20,38,48,53,5
446,4/7/2020,3,9,10,18,29,45,36
447,7/7/2020,7,24,32,35,48,50,1
448,9/7/2020,3,10,11,17,26,54,21
449,11/7/2020,3,4,6,14,20,38,35
450,14/07/2020,5,22,32,34,43,51,12
451,16/07/2020,2,5,11,20,24,32,6
452,18/07/2020,3,13,22,28,30,53,16
453,21/07/2020,6,14,31,37,38,44,4
454,23/07/2020,4,12,31,47,49,52,2
455,25/07/2020,2,19,21,34,54,55,24
456,28/07/2020,3,11,20,34,44,54,16
457,30/07/2020,6,7,16,26,29,54,4
458,1/8/2020,13,18,29,30,40,47,4
459,4/8/2020,10,15,20,21,32,51,8
460,6/8/2020,2,5,21,24,26,27,11
461,8/8/2020,3,12,24,26,36,43,8
462,11/8/2020,2,12,33,39,52,53,44
463,13/08/2020,3,25,28,44,49,54,19
464,15/08/2020,1,11,29,30,41,51,4
465,18/08/2020,22,41,44,46,51,52,2
466,20/08/2020,14,18,28,32,33,36,41
467,22/08/2020,1,20,24,26,35,51,12
468,25/08/2020,21,35,36,38,44,47,14
469,29/08/2020,1,4,14,28,35,53,2
470,1/9/2020,11,22,24,47,49,53,3
471,3/9/2020,7,9,18,22,35,54,50
472,5/9/2020,9,12,19,22,31,46,20
473,8/9/2020,22,47,48,52,53,55,14
474,10/9/2020,18,25,27,37,45,50,52
475,12/9/2020,20,21,24,30,31,44,40
476,15/09/2020,13,14,15,17,26,53,21
477,17/09/2020,1,5,28,43,44,53,49
478,19/09/2020,4,7,8,29,31,41,38
479,22/09/2020,5,8,15,18,36,45,6
480,24/09/2020,12,28,41,42,52,53,50
481,26/09/2020,7,10,13,15,40,48,1
482,29/09/2020,1,6,7,13,30,55,34
483,1/10/2020,3,6,7,19,38,54,50
484,3/10/2020,12,14,22,23,39,44,28
485,6/10/2020,11,14,29,32,33,40,35
486,8/10/2020,10,18,20,21,26,51,52
487,10/10/2020,5,10,47,50,53,54,22
488,13/10/2020,12,19,28,29,52,53,20
489,15/10/2020,8,38,41,47,50,52,45
490,17/10/2020,3,14,25,37,49,54,53
491,20/10/2020,8,33,38,47,49,54,31
492,22/10/2020,2,3,12,21,24,38,14
493,24/10/2020,12,21,22,27,41,50,34
494,27/10/2020,3,31,33,36,38,39,8
495,29/10/2020,9,11,14,16,21,23,54
496,31/10/2020,8,18,19,20,43,54,50
497,3/11/2020,2,22,27,46,48,52,23
498,5/11/2020,1,2,6,18,34,51,52
499,7/11/2020,12,28,30,33,45,52,15
500,10/11/2020,2,5,19,39,48,53,6
501,12/11/2020,4,20,22,25,43,47,12
502,14/11/2020,5,11,15,34,44,48,35
503,17/11/2020,6,17,27,34,36,51,48
504,19/11/2020,12,15,23,28,45,48,43
505,21/11/2020,8,14,19,20,49,51,28
506,24/11/2020,4,7,19,20,22,53,23
507,26/11/2020,18,19,29,31,36,52,50
508,28/11/2020,1,20,36,44,45,49,52
509,1/12/2020,6,10,12,24,34,43,15
510,3/12/2020,5,19,32,41,42,45,17
511,5/12/2020,10,28,29,30,37,38,36
512,8/12/2020,2,17,32,33,38,45,37
513,10/12/2020,3,31,34,36,44,54,45
514,12/12/2020,3,14,32,36,41,46,54
515,15/12/2020,10,11,13,35,38,49,14
516,17/12/2020,15,25,27,35,40,48,45
517,19/12/2020,14,20,32,34,37,49,31
518,22/12/2020,10,11,16,29,35,38,3
519,24/12/2020,11,19,34,41,44,48,43
520,26/12/2020,1,24,33,41,43,51,48
521,29/12/2020,4,8,11,15,17,41,23
522,31/12/2020,2,15,25,27,37,51,53
523,2/1/2021,7,19,23,26,35,45,11
524,5/1/2021,5,7,9,22,42,54,47
525,7/1/2021,7,11,22,38,48,51,53
526,9/1/2021,10,19,24,29,46,48,5
527,12/1/2021,19,23,29,34,44,53,35
528,14/01/2021,1,4,42,44,46,50,9
529,16/01/2021,13,15,28,29,32,44,49
530,19/01/2021,5,22,25,43,48,53,18
531,21/01/2021,9,20,22,31,47,52,18
532,23/01/2021,12,31,39,41,45,55,34
533,26/01/2021,7,16,32,42,44,47,35
534,28/01/2021,3,4,16,34,40,55,2
535,30/01/2021,2,7,17,18,21,29,19
536,2/2/2021,4,13,31,36,40,54,30
537,4/2/2021,28,43,44,50,51,53,13
538,6/2/2021,6,22,32,33,35,53,12
539,9/2/2021,15,20,21,29,31,41,34
540,13/02/2021,3,11,14,31,34,42,24
541,16/02/2021,4,10,11,21,23,44,50
542,18/02/2021,2,5,10,22,26,47,53
543,20/02/2021,1,2,4,32,34,39,20
544,23/02/2021,16,19,21,23,30,48,6
545,25/02/2021,9,19,32,40,45,51,1
546,27/02/2021,6,11,24,30,50,52,22
547,2/3/2021,23,29,45,46,49,51,1
548,4/3/2021,2,9,21,23,33,41,45
549,6/3/2021,18,24,34,39,46,55,4
550,9/3/2021,15,18,29,35,47,54,20
551,11/3/2021,4,5,12,25,43,44,27
552,13/03/2021,7,19,20,23,36,55,9
553,16/03/2021,3,31,45,46,49,54,40
554,18/03/2021,17,24,38,41,46,54,51
555,20/03/2021,16,18,20,25,35,36,17
556,23/03/2021,9,13,17,33,34,53,31
557,25/03/2021,19,20,24,29,36,39,22
558,27/03/2021,5,11,17,20,26,37,12
559,30/03/2021,2,11,17,19,47,51,22
560,1/4/2021,13,18,24,34,38,54,8
561,3/4/2021,2,4,34,38,41,55,19
562,6/4/2021,27,33,34,38,46,48,5
563,8/4/2021,8,11,16,22,28,30,45
564,10/4/2021,12,13,16,17,27,47,49
565,13/04/2021,25,33,39,45,49,55,36
566,15/04/2021,5,8,27,42,47,51,36
567,17/04/2021,4,15,16,29,42,46,36
568,20/04/2021,18,25,38,43,47,51,11
569,22/04/2021,5,11,17,25,39,48,22
570,24/04/2021,1,4,5,21,25,44,45
571,27/04/2021,3,9,22,26,32,37,41
572,29/04/2021,3,9,23,33,42,44,50
573,1/5/2021,3,7,14,22,41,42,10
574,4/5/2021,7,24,45,48,49,53,14
575,6/5/2021,15,19,24,31,44,53,32
576,8/5/2021,14,23,26,37,42,51,40
577,11/5/2021,1,14,41,44,46,53,48
578,13/05/2021,13,24,25,35,39,41,29
579,15/05/2021,1,5,6,13,23,27,46
580,18/05/2021,6,7,22,32,38,47,27
581,20/05/2021,7,10,12,19,42,54,24
582,22/05/2021,15,27,37,45,46,52,31
583,25/05/2021,6,10,33,35,36,43,8
584,27/05/2021,3,7,18,22,40,46,14
585,29/05/2021,2,11,31,37,43,55,14
586,1/6/2021,6,12,14,27,43,45,38
587,3/6/2021,4,8,21,24,26,47,43
588,5/6/2021,14,22,25,39,41,52,17
589,8/6/2021,16,28,33,41,42,54,12
590,10/6/2021,11,22,24,27,43,54,45
591,12/6/2021,4,16,17,20,27,44,30
592,15/06/2021,11,18,21,22,30,55,35
593,17/06/2021,18,23,38,41,44,55,40
594,19/06/2021,1,3,7,13,28,45,33
595,22/06/2021,3,9,32,33,41,43,40
596,24/06/2021,3,16,17,24,41,44,37
597,26/06/2021,6,16,17,20,49,52,27
598,29/06/2021,5,14,24,36,44,55,48
599,1/7/2021,4,15,28,30,49,52,55
600,3/7/2021,4,25,30,38,50,55,53
601,6/7/2021,17,20,22,24,30,54,51
602,8/7/2021,3,32,34,42,44,54,35
603,10/7/2021,7,8,17,37,47,48,27
604,13/07/2021,5,11,18,27,34,43,42
605,15/07/2021,3,4,12,16,30,50,20
606,17/07/2021,2,7,11,21,31,42,45
607,20/07/2021,2,8,11,13,17,26,53
608,22/07/2021,2,20,24,39,46,53,55
609,19/08/2021,5,9,12,20,43,51,13
610,21/08/2021,22,24,27,37,38,48,14
611,24/08/2021,2,4,7,18,30,35,20
612,26/08/2021,11,13,20,51,53,55,4
613,28/08/2021,10,16,26,27,34,48,51
614,31/08/2021,7,20,37,47,51,53,5
615,2/9/2021,1,8,12,26,28,45,43
616,4/9/2021,11,12,32,42,43,51,31
617,7/9/2021,19,30,35,43,47,55,12
618,9/9/2021,6,8,10,23,39,44,43
619,11/9/2021,8,17,20,36,39,44,30
620,14/09/2021,17,22,30,40,43,44,41
621,16/09/2021,10,16,40,43,45,46,22
622,18/09/2021,3,14,15,21,47,52,54
623,21/09/2021,15,24,25,40,42,50,49
624,23/09/2021,6,7,21,25,27,49,26
625,25/09/2021,7,20,27,43,48,51,37
626,28/09/2021,7,22,25,40,49,50,37
627,30/09/2021,18,23,26,32,46,49,54
628,2/10/2021,5,6,22,26,49,51,32
629,5/10/2021,11,16,17,19,38,43,24
630,7/10/2021,6,15,21,24,45,55,46
631,9/10/2021,1,22,25,38,39,54,19
632,12/10/2021,14,17,31,33,42,50,40
633,14/10/2021,9,21,24,30,41,44,40
634,16/10/2021,9,17,22,28,50,55,7
635,19/10/2021,3,9,25,29,46,50,18
636,21/10/2021,3,19,32,36,41,51,35
637,23/10/2021,5,11,19,26,28,33,9
638,26/10/2021,21,24,29,34,39,53,20
639,28/10/2021,2,4,6,13,31,35,16
640,30/10/2021,31,36,40,44,50,53,11
641,2/11/2021,37,38,42,46,47,55,23
642,4/11/2021,5,10,15,31,32,50,28
643,6/11/2021,23,31,41,48,49,51,3
644,9/11/2021,12,25,26,47,51,53,16
645,11/11/2021,3,35,37,41,45,49,31
646,13/11/2021,18,22,29,33,46,48,37
647,16/11/2021,8,19,27,34,46,51,2
648,18/11/2021,18,30,32,37,39,40,10
649,20/11/2021,6,10,29,30,31,51,35
650,23/11/2021,5,7,9,28,38,55,50
651,25/11/2021,16,18,24,29,33,41,43
652,27/11/2021,2,5,7,21,31,37,44
653,30/11/2021,12,21,23,28,33,46,38
654,2/12/2021,6,23,28,31,44,48,14
655,4/12/2021,7,9,31,32,36,49,37
656,7/12/2021,4,6,22,32,34,53,41
657,9/12/2021,3,14,33,40,41,50,17
658,11/12/2021,8,13,17,22,42,51,45
659,14/12/2021,10,16,19,24,39,50,29
660,16/12/2021,19,24,30,41,43,49,55
661,18/12/2021,4,6,19,26,38,41,16
662,21/12/2021,23,25,28,49,52,54,44
663,23/12/2021,8,22,29,43,45,54,23
664,25/12/2021,6,8,23,25,33,35,27
665,28/12/2021,3,8,9,40,44,48,2
666,30/12/2021,9,25,27,32,37,46,23
667,1/1/2022,4,25,28,32,33,55,3
668,4/1/2022,11,17,22,28,39,49,43
669,6/1/2022,4,8,14,21,30,49,38
670,8/1/2022,6,17,37,41,48,50,13
671,11/1/2022,12,25,26,28,33,46,22
672,13/01/2022,7,12,17,26,37,46,28
673,15/01/2022,20,26,41,46,47,48,18
674,18/01/2022,6,15,16,33,41,43,51
675,20/01/2022,8,21,32,34,41,46,48
676,22/01/2022,2,6,16,29,37,42,22
677,25/01/2022,2,16,17,20,31,51,50
678,27/01/2022,1,26,31,36,40,46,28
679,29/01/2022,6,10,17,23,25,38,21
680,3/2/2022,13,18,22,35,42,43,3
681,5/2/2022,1,17,23,29,44,45,37
682,8/2/2022,12,15,21,28,32,40,43
683,10/2/2022,3,15,26,35,43,52,7
684,12/2/2022,4,8,12,42,44,51,41
685,15/2/2022,5,7,14,24,29,36,46
686,17/2/2022,5,24,40,42,46,54,3
687,19/2/2022,1,11,14,33,46,48,40
688,22/2/2022,9,16,19,23,25,39,4
689,24/2/2022,2,15,25,30,31,32,13
690,26/2/2022,5,8,30,36,49,51,18
691,1/3/2022,15,19,25,42,51,53,2
692,3/3/2022,4,10,16,25,26,43,52
693,5/3/2022,5,12,15,25,43,48,1
694,8/3/2022,3,23,25,39,47,48,55
695,10/3/2022,1,3,8,16,19,36,41
696,12/3/2022,12,16,18,26,30,45,36
697,15/03/2022,6,14,24,28,33,52,50
698,17/03/2022,1,6,12,21,37,49,53
699,19/03/2022,8,20,24,37,51,55,27
700,22/03/2022,1,14,18,28,47,49,22
701,24/03/2022,5,9,16,35,45,46,44
702,26/03/2022,1,6,16,30,34,55,29
703,29/03/2022,5,11,32,35,40,52,31
704,31/03/2022,5,24,34,39,42,49,16
705,2/4/2022,32,38,42,44,47,55,46
706,5/4/2022,5,18,26,36,43,44,45
707,7/4/2022,6,14,15,25,29,32,41
708,9/4/2022,2,3,19,28,42,45,12
709,12/4/2022,11,18,20,22,25,40,5
710,14/04/2022,1,5,9,34,37,45,52
711,16/04/2022,4,8,39,41,53,55,52
712,19/04/2022,2,7,13,28,29,34,39
713,21/04/2022,21,24,27,34,38,42,46
714,23/04/2022,3,27,36,41,49,55,18
715,26/04/2022,14,22,24,25,43,49,17
716,28/04/2022,8,24,25,32,37,44,3
717,30/04/2022,11,23,51,52,53,54,27
718,3/5/2022,1,22,38,48,49,53,42
719,5/5/2022,27,29,33,39,47,53,55
720,7/5/2022,15,32,33,36,43,46,31
721,10/5/2022,12,18,41,43,47,51,10
722,12/5/2022,9,18,24,43,44,50,15
723,14/05/2022,2,28,30,43,44,55,22
724,17/05/2022,11,17,25,29,45,48,53
725,19/05/2022,3,6,31,40,47,54,8
726,21/05/2022,19,32,38,40,45,48,2
727,24/05/2022,18,31,32,46,50,52,28
728,26/05/2022,4,30,32,39,41,53,42
729,28/05/2022,33,36,38,42,43,46,3
730,31/05/2022,4,10,15,16,47,51,23
731,2/6/2022,7,11,28,30,33,50,49
732,4/6/2022,3,17,27,30,34,49,25
733,7/6/2022,16,17,21,28,39,50,19
734,9/6/2022,30,31,35,43,48,50,22
735,11/6/2022,10,18,23,25,45,47,38
736,14/06/2022,2,15,26,32,35,36,16
737,16/06/2022,9,13,21,40,51,54,4
738,18/06/2022,6,27,43,44,45,47,33
739,21/06/2022,9,13,19,21,34,51,35
740,23/06/2022,10,22,23,34,46,54,27
741,25/06/2022,14,17,31,35,37,40,28
742,28/06/2022,5,22,30,32,38,55,33
743,30/06/2022,5,11,15,19,29,31,35
744,2/7/2022,6,26,39,40,46,47,2
745,5/7/2022,5,7,12,26,29,44,38
746,7/7/2022,18,24,32,43,48,55,15
747,9/7/2022,5,21,24,47,52,55,20
748,12/7/2022,12,13,24,25,39,41,9
749,14/07/2022,11,25,29,37,39,52,45
750,16/07/2022,6,13,18,27,34,46,33
751,19/07/2022,8,9,33,34,35,52,36
752,21/07/2022,2,20,33,45,51,55,1
753,23/07/2022,27,28,29,39,40,54,13
754,26/07/2022,5,8,9,13,14,47,53
755,28/07/2022,5,6,17,28,29,39,34
756,30/07/2022,1,4,24,35,44,47,17
757,2/8/2022,2,5,28,40,47,48,31
758,4/8/2022,8,9,20,41,48,54,2
759,6/8/2022,6,21,27,41,51,53,43
760,9/8/2022,9,10,36,41,51,55,52
761,11/8/2022,1,12,21,34,48,55,50
762,13/08/2022,19,28,29,30,33,36,14
763,16/08/2022,17,18,28,47,50,53,11
764,18/08/2022,23,27,31,37,38,42,26
765,20/08/2022,6,16,29,32,42,51,43
766,23/08/2022,13,21,31,41,44,45,27
767,25/08/2022,19,30,35,40,49,53,42
768,27/08/2022,1,5,7,10,25,48,36
769,30/08/2022,2,13,19,29,30,32,16
770,1/9/2022,4,14,18,39,50,53,31
771,3/9/2022,11,22,31,33,40,46,41
772,6/9/2022,1,5,27,43,52,54,15
773,8/9/2022,9,13,23,32,36,52,43
774,10/9/2022,2,8,15,19,35,38,14
775,13/09/2022,9,10,21,40,41,48,54
776,15/09/2022,3,8,19,30,41,52,9
777,17/09/2022,5,8,19,34,40,49,39
778,20/09/2022,8,27,32,43,53,54,45
779,22/09/2022,12,14,19,29,44,47,26
780,24/09/2022,1,4,5,17,42,47,9
781,27/09/2022,11,13,23,27,37,43,34
782,29/09/2022,15,32,33,37,42,54,28
783,1/10/2022,14,15,16,22,23,29,20
784,4/10/2022,5,11,12,22,43,45,42
785,6/10/2022,6,8,19,20,47,53,7
786,8/10/2022,11,17,23,34,41,51,40
787,11/10/2022,11,26,34,40,46,52,1
788,13/10/2022,12,13,43,48,51,52,15
789,15/10/2022,8,15,16,39,45,51,23
790,18/10/2022,6,30,36,39,44,46,49
791,20/10/2022,15,21,27,34,37,53,29
792,22/10/2022,17,19,35,42,51,52,34
793,25/10/2022,8,18,20,22,42,46,1
794,27/10/2022,1,7,10,17,19,30,53
795,29/10/2022,1,3,10,13,15,20,32
796,1/11/2022,3,9,20,23,31,54,55
797,3/11/2022,8,13,24,28,29,33,49
798,05/11/2022,10,19,22,25,47,53,52
799,08/11/2022,12,27,33,44,48,50,18
800,10/11/2022,8,11,14,27,38,45,21
801,12/11/2022,8,18,23,30,35,42,43
802,15/11/2022,4,20,26,36,47,51,33
803,17/11/2022,1,19,25,27,38,42,54
804,19/11/2022,3,15,22,39,46,48,43
805,22/11/2022,3,9,21,22,26,35,15
806,24/11/2022,4,6,18,27,52,53,10
807,26/11/2022,8,23,24,48,49,52,1
808,29/11/2022,2,13,16,18,41,42,19
809,01/12/2022,11,14,29,31,52,54,7
810,03/12/2022,16,17,27,48,52,53,24
811,06/12/2022,1,11,25,44,45,46,35
812,08/12/2022,6,30,36,41,49,55,20
813,10/12/2022,2,12,13,18,33,44,31
814,13/12/2022,10,22,31,37,41,52,20
815,15/12/2022,2,25,38,50,51,55,21
816,17/12/2022,1,2,29,34,41,42,9
817,20/12/2022,2,6,9,20,31,35,42
818,22/12/2022,14,26,35,43,45,48,3
819,24/12/2022,5,19,22,23,30,44,52
820,27/12/2022,11,12,13,14,23,55,27
821,29/12/2022,6,8,33,37,38,51,48
822,31/12/2022,10,15,36,42,45,52,20
823,03/01/2023,9,13,24,43,47,48,18
824,05/01/2023,5,12,34,37,47,49,28
825,07/01/2023,3,4,9,15,33,54,16
826,10/01/2023,5,12,14,19,46,51,36
827,12/01/2023,5,14,37,45,47,55,25
828,14/01/2023,5,17,24,30,43,53,26
829,17/01/2023,1,9,20,36,44,50,40
830,19/01/2023,3,21,32,33,38,52,30
831,24/01/2023,3,5,10,12,29,30,9
832,26/01/2023,8,15,18,20,33,41,14
833,28/01/2023,9,22,23,29,38,47,33
834,31/01/2023,10,11,31,32,38,52,5
835,02/02/2023,3,10,23,29,34,53,11
836,04/02/2023,2,6,8,27,41,46,20
837,07/02/2023,6,27,29,32,39,52,9
838,09/02/2023,1,10,29,30,49,50,9
839,11/02/2023,4,13,45,48,52,54,5
840,14/02/2023,1,9,33,37,43,45,23
841,16/02/2023,1,5,7,8,20,22,33
842,18/02/2023,11,23,26,29,43,50,5
843,21/02/2023,4,12,15,21,30,44,5
844,23/02/2023,12,16,29,31,39,48,40
845,25/02/2023,1,2,14,21,38,51,50
846,28/02/2023,2,13,14,30,43,55,22
847,02/03/2023,1,3,23,24,43,48,31
848,04/03/2023,9,13,23,36,38,54,21
849,07/03/2023,8,22,25,27,39,50,28
850,09/03/2023,12,22,28,34,53,54,40
851,11/03/2023,13,23,25,30,35,44,8
852,14/03/2023,14,15,18,20,27,35,31
853,16/03/2023,6,23,34,48,50,55,2
854,18/03/2023,18,24,32,33,51,53,36
855,21/03/2023,7,17,31,43,45,49,52
856,23/03/2023,4,7,22,33,40,49,39
857,25/03/2023,17,18,28,40,49,54,16
858,28/03/2023,6,21,24,41,50,53,13
859,30/03/2023,6,11,14,21,30,32,22
860,01/04/2023,12,34,39,44,49,55,14
861,04/04/2023,13,28,41,42,47,51,9
862,06/04/2023,7,10,12,33,52,54,16
863,08/04/2023,17,33,36,46,50,52,40
864,11/04/2023,10,14,16,18,37,49,54
865,13/04/2023,22,26,28,37,39,48,15
866,15/04/2023,1,34,35,36,42,43,5
867,18/04/2023,17,18,30,40,51,55,50
868,20/04/2023,7,11,32,35,42,51,46
869,22/04/2023,9,18,23,24,48,52,10
870,25/04/2023,6,10,19,23,25,28,45
871,27/04/2023,8,28,38,39,41,45,54
872,29/04/2023,2,9,12,24,41,53,35
873,02/05/2023,4,11,18,25,33,45,21
874,04/05/2023,13,30,32,35,45,52,29
875,06/05/2023,1,11,22,28,34,42,10
876,09/05/2023,7,9,13,22,44,47,39
877,11/05/2023,1,3,19,33,34,51,17
878,13/05/2023,22,24,35,43,45,54,50
879,16/05/2023,19,24,30,34,40,44,51
880,18/05/2023,13,14,21,23,30,41,49
881,20/05/2023,1,14,21,36,48,53,44
882,23/05/2023,26,27,35,36,47,54,40
883,25/05/2023,15,16,19,31,33,46,7
884,27/05/2023,4,6,8,18,39,43,28
885,30/05/2023,1,14,24,28,40,46,34
886,01/06/2023,3,18,40,41,46,47,36
887,03/06/2023,23,28,29,36,38,41,7
888,06/06/2023,1,14,23,27,44,50,43
889,08/06/2023,3,36,38,43,51,53,2
890,10/06/2023,10,17,27,32,35,41,54
891,13/06/2023,4,14,18,27,47,50,33
892,15/06/2023,10,11,25,39,46,55,40
893,17/06/2023,7,13,23,34,38,40,55
894,20/06/2023,7,23,26,31,35,53,32
895,22/06/2023,2,11,14,35,43,51,55
896,24/06/2023,8,9,16,20,50,53,3
897,27/06/2023,2,12,15,16,27,28,47
898,29/06/2023,1,11,12,28,46,54,40
899,01/07/2023,13,33,36,38,45,50,25
900,04/07/2023,4,13,14,23,33,50,41
901,06/07/2023,7,12,29,39,46,55,1
902,08/07/2023,8,11,23,43,44,48,41
903,11/07/2023,24,40,44,46,47,49,5
904,13/07/2023,3,4,30,34,36,49,8
905,15/07/2023,2,16,31,37,38,48,36
906,18/07/2023,10,11,19,28,42,47,16
907,20/07/2023,5,34,36,38,47,50,26
908,22/07/2023,9,15,23,25,27,34,41
909,25/07/2023,12,23,42,44,51,52,3
910,27/07/2023,3,11,13,31,33,45,27
911,29/07/2023,16,23,25,26,29,40,32
912,01/08/2023,4,18,22,25,33,48,2
913,03/08/2023,3,12,22,25,37,39,7
914,05/08/2023,22,34,40,47,49,51,44
915,08/08/2023,5,6,19,20,40,45,47
916,10/08/2023,4,14,31,42,47,49,43
917,12/08/2023,13,24,39,43,45,52,8
918,15/08/2023,5,12,25,39,40,53,52
919,17/08/2023,1,5,25,32,51,52,54
920,19/08/2023,7,9,13,22,27,42,23
921,22/08/2023,2,3,6,34,35,36,31
922,24/08/2023,1,10,20,41,42,50,39
923,26/08/2023,5,8,24,38,50,51,47
924,29/08/2023,1,8,20,25,35,53,54
925,31/08/2023,23,33,37,43,45,46,29
926,02/09/2023,12,15,32,44,46,51,48
927,05/09/2023,2,6,19,29,34,48,39
928,07/09/2023,1,4,36,42,45,54,32
929,09/09/2023,13,20,32,37,43,49,40
930,12/09/2023,26,31,32,39,45,55,28
931,14/09/2023,6,10,20,22,50,52,34
932,16/09/2023,25,27,42,51,54,55,45
933,19/09/2023,17,29,35,40,51,52,23
934,21/09/2023,16,26,33,34,41,43,53
935,23/09/2023,20,27,36,43,45,47,35
936,26/09/2023,14,20,24,27,41,44,23
937,28/09/2023,4,23,36,45,47,50,22
938,30/09/2023,3,13,19,30,38,44,51
939,03/10/2023,3,15,27,29,37,48,55
940,05/10/2023,1,21,33,46,47,53,9
941,07/10/2023,4,13,36,40,43,52,34
942,10/10/2023,6,23,26,37,44,46,33
943,12/10/2023,5,8,9,20,36,50,35
944,14/10/2023,8,23,30,34,38,47,10
945,17/10/2023,13,22,33,41,46,47,9
946,19/10/2023,1,23,29,37,51,55,54
947,21/10/2023,11,16,24,34,47,52,15
948,24/10/2023,12,20,26,33,40,44,24
949,26/10/2023,14,22,32,37,43,48,42
950,28/10/2023,11,14,25,44,46,47,10
951,31/10/2023,10,16,17,28,37,42,43
952,02/11/2023,9,15,17,21,26,36,13
953,04/11/2023,14,35,37,47,48,50,43
954,07/11/2023,12,18,20,28,35,52,25
955,09/11/2023,8,17,24,34,39,48,44
956,11/11/2023,2,3,4,19,41,42,23
957,14/11/2023,4,9,12,15,22,38,40
958,16/11/2023,3,5,10,18,44,49,28
959,18/11/2023,1,7,10,14,28,29,2
960,21/11/2023,3,7,16,37,39,51,9
961,23/11/2023,4,6,26,33,52,55,15
962,25/11/2023,7,9,10,17,25,53,49
963,28/11/2023,10,24,47,48,52,55,28
964,30/11/2023,9,13,21,28,50,54,51
965,02/12/2023,1,10,20,37,48,51,54
966,05/12/2023,2,4,19,32,35,39,49
967,07/12/2023,9,13,28,33,50,53,47
968,09/12/2023,6,9,26,27,34,47,41
969,12/12/2023,6,7,16,21,34,50,31
970,14/12/2023,1,12,23,43,48,52,30
971,16/12/2023,13,15,21,26,34,35,45
972,19/12/2023,11,14,15,24,34,53,18
973,21/12/2023,9,31,39,41,47,48,3
974,23/12/2023,22,32,39,46,48,49,43
975,26/12/2023,10,14,17,27,29,40,25
976,28/12/2023,20,28,30,40,45,52,32
977,30/12/2023,9,17,29,32,38,52,2
978,02/01/2024,2,5,18,31,37,45,20
979,04/01/2024,7,34,37,43,52,54,28
980,06/01/2024,15,17,21,24,34,46,11
981,09/01/2024,16,32,45,50,52,53,54
982,11/01/2024,2,23,32,44,51,52,28
983,13/01/2024,1,5,7,23,35,42,21
984,16/01/2024,9,14,18,20,27,43,42
985,18/01/2024,12,20,33,38,40,52,35
986,20/01/2024,6,25,29,34,49,54,38
987,23/01/2024,13,27,32,48,49,51,23
988,25/01/2024,13,17,35,38,42,48,7
989,27/01/2024,6,12,38,41,46,55,13
990,30/01/2024,3,10,13,40,49,52,9
991,01/02/2024,2,7,10,22,32,40,39
992,03/02/2024,4,6,7,13,18,26,49
993,06/02/2024,8,19,27,34,46,51,24
994,08/02/2024,22,31,35,36,38,42,11
995,13/02/2024,8,17,22,31,34,49,18
996,15/02/2024,3,7,8,18,21,26,19
997,17/02/2024,8,12,17,27,38,55,47
998,20/02/2024,34,46,50,51,52,55,5
999,22/02/2024,8,19,24,31,35,55,1
1000,24/02/2024,1,3,22,27,38,40,26
1001,27/02/2024,1,4,6,8,24,35,53
1002,29/02/2024,4,11,20,38,52,53,33
1003,02/03/2024,1,19,21,31,50,55,37
1004,05/03/2024,12,19,21,23,28,54,31
1005,07/03/2024,13,20,33,47,53,54,19
1006,09/03/2024,11,13,22,36,46,49,37
1007,12/03/2024,11,14,18,20,22,43,16
1008,14/03/2024,21,25,26,29,41,51,39
1009,16/03/2024,8,36,42,43,44,55,54
1010,19/03/2024,6,25,39,45,46,55,26
1011,21/03/2024,12,13,41,48,49,53,43
1012,23/03/2024,3,10,13,30,40,52,4
1013,26/03/2024,1,8,13,16,38,44,47
1014,28/03/2024,1,7,18,26,38,49,21
1015,30/03/2024,14,17,27,38,54,55,23
1016,02/04/2024,1,12,18,20,51,52,37
1017,04/04/2024,3,8,12,25,47,48,15
1018,06/04/2024,9,13,20,30,39,54,23
1019,09/04/2024,4,12,27,44,46,51,22
1020,11/04/2024,3,06,15,25,33,43,55
1021,13/04/2024,29,36,37,38,40,42,46
1022,16/04/2024,3,05,32,40,46,50,37
1023,18/04/2024,1,21,23,33,43,54,28
1024,20/04/2024,2,6,35,43,45,47,14
1025,23/04/2024,1,34,39,40,49,53,9
1026,25/04/2024,13,19,27,38,41,54,46
1027,27/04/2024,7,12,38,43,48,55,8
1028,30/04/2024,13,16,26,46,49,54,8
1029,2/05/2024,30,32,33,36,42,48,18
1030,4/05/2024,5,27,35,45,49,55,18
1031,7/05/2024,21,26,35,41,44,52,13
1032,9/05/2024,3,16,21,36,37,40,31
1033,11/05/2024,19,23,25,43,46,54,42
1034,14/05/2024,5,17,36,40,46,50,1
1035,16/05/2024,20,25,27,39,45,55,44
1036,18/05/2024,12,18,20,25,27,52,44
1037,21/05/2024,1,2,14,32,33,41,4
1038,23/05/2024,8,12,42,47,51,52,36
1039,25/05/2024,15,22,38,39,43,53,20
1040,28/05/2024,1,25,29,37,40,54,50
1041,30/05/2024,4,7,8,12,23,31,45
1042,1/06/2024,6,24,30,31,47,49,1
1043,4/06/2024,1,2,7,10,13,19,24
1044,6/06/2024,18,26,38,39,47,51,55
1045,8/06/2024,13,16,32,33,35,43,42
1046,11/06/2024,13,16,21,30,32,39,53
1047,13/06/2024,8,39,45,47,49,51,16
1048,15/06/2024,5,10,14,20,26,51,36
1049,18/06/2024,20,23,27,36,38,44,52
1050,20/06/2024,1,10,29,34,43,55,49
1051,22/06/2024,17,25,31,35,41,42,36
1052,25/06/2024,1,5,9,13,18,27,8
1053,27/06/2024,7,21,22,41,43,46,32
1054,29/06/2024,11,15,32,34,46,48,47
1055,2/07/2024,7,8,50,52,53,54,2
1056,4/07/2024,10,19,20,29,34,41,8
1057,06/07/2024,8,10,12,22,25,55,52
1058,09/07/2024,6,8,9,28,33,53,10
1059,11/07/2024,1,2,11,21,22,23,26
1060,13/07/2024,2,12,13,33,44,52,34
1061,16/07/2024,20,31,34,36,47,52,2
1062,18/07/2024,10,13,28,35,40,42,2
1063,20/07/2024,12,18,32,40,51,53,28
1064,23/07/2024,34,39,40,42,54,55,30
1065,25/07/2024,12,17,21,25,33,40,39
1066,27/07/2024,18,23,25,37,39,40,35
1067,30/07/2024,2,6,22,23,38,51,32
1068,01/08/2024,9,17,21,48,53,55,29
1069,03/08/2024,7,20,34,36,41,46,16
1070,06/08/2024,22,34,44,46,54,55,14
1071,08/08/2024,01,07,42,43,48,51,29
1072,10/08/2024,10,23,32,37,48,55,14
1073,13/08/2024,9,26,40,44,45,50,27
1074,15/08/2024,8,16,20,30,34,43,46
1075,17/08/2024,4,28,35,38,39,45,5
1076,20/08/2024,5,24,26,27,29,54,6
1077,22/08/2024,11,18,20,32,41,46,33
1078,24/08/2024,2,17,20,21,22,23,38
1079,27/08/2024,5,6,29,31,37,48,2
1080,29/08/2024,8,11,21,29,38,55,12
1081,31/08/2024,24,33,38,40,42,51,28
1082,03/09/2024,8,10,11,14,38,48,41
1083,05/09/2024,15,20,23,29,34,46,1
1084,07/09/2024,5,11,20,39,46,53,37
1085,10/09/2024,15,23,37,38,45,49,30
1086,12/09/2024,3,8,31,36,39,47,38
1087,14/09/2024,2,12,25,32,51,54,34
1088,17/09/2024,14,32,34,41,47,54,48
1089,19/09/2024,4,9,22,24,45,54,48
1090,21/09/2024,3,8,9,22,26,55,11
1091,24/09/2024,1,6,11,17,24,31,43
1092,26/09/2024,3,18,29,39,41,49,46
1093,28/09/2024,2,11,13,32,41,48,15
1094,01/10/2024,3,18,22,41,43,44,12
1095,03/10/2024,18,21,34,40,42,53,25
1096,05/10/2024,2,10,17,27,50,52,18
1097,08/10/2024,3,7,14,17,48,50,40
1098,10/10/2024,4,5,6,29,32,44,53
1099,12/10/2024,29,34,35,38,50,51,37
1100,15/10/2024,4,25,41,42,46,52,33
1101,17/10/2024,11,14,15,26,38,41,25
1102,19/10/2024,9,22,31,39,43,51,19
1103,22/10/2024,15,21,23,26,31,43,35
1104,24/10/2024,5,17,31,39,46,53,3
1105,26/10/2024,5,19,27,29,42,47,40
1106,29/10/2024,14,17,19,28,47,51,55
1107,31/10/2024,05,16,20,29,30,31,39
1108,02/11/2024,02,09,19,20,34,54,26
1109,05/11/2024,09,31,36,46,49,54,07
1110,07/11/2024,6,9,33,39,50,51,43
1111,09/11/2024,11,14,24,26,34,51,40
1112,12/11/2024,1,21,29,35,41,45,20
1113,14/11/2024,12,25,37,40,49,52,31
1114,16/11/2024,16,22,33,37,39,51,54
1115,19/11/2024,6,10,17,34,41,48,31
1116,21/11/2024,15,22,31,40,42,51,26
1117,23/11/2024,4,12,25,39,48,51,45
1118,26/11/2024,8,11,16,32,40,43,12
1119,28/11/2024,1,16,24,28,38,53,09
1120,30/11/2024,1,20,24,26,38,41,36
1121,03/12/2024,10,19,33,39,47,54,16
1122,05/12/2024,16,21,29,41,42,47,9
1123,07/12/2024,16,17,22,24,29,37,54
1124,10/12/2024,11,15,26,45,52,55,36
1125,12/12/2024,1,9,12,18,37,44,11
1126,14/12/2024,3,10,19,20,21,24,07
1127,17/12/2024,2,14,27,30,53,54,16
1128,19/12/2024,13,16,32,39,49,51,11
1129,21/12/2024,4,16,29,30,35,51,48
1130,24/12/2024,17,20,27,32,44,51,33
1131,26/12/2024,6,18,33,38,41,48,16
1132,28/12/2024,6,19,36,42,53,55,39
1133,31/12/2024,8,13,29,36,42,43,28
1134,02/01/2025,4,10,18,22,41,45,50
1135,04/01/2025,4,10,30,36,40,53,51
1136,07/01/2025,4,5,09,16,22,39,30
1137,09/01/2025,18,21,31,39,50,53,13
1138,11/01/2025,10,25,26,29,37,46,14
1139,14/01/2025,3,11,12,24,33,40,46
1140,16/01/2025,8,16,34,37,47,50,23
1141,18/01/2025,1,3,26,31,37,41,51
1142,21/01/2025,11,18,22,28,51,52,53
1143,23/01/2025,11,18,22,49,50,51,37
1144,25/01/2025,14,21,40,42,48,51,19
1145,30/01/2025,5,8,24,28,34,52,39
1146,01/02/2025,1,20,34,38,45,47,49
1147,04/02/2025,7,17,29,51,52,55,41
1148,06/02/2025,1,11,31,43,48,54,19
1149,08/02/2025,11,22,28,44,48,49,23
1150,11/02/2025,1,9,18,21,35,40,44
1151,13/02/2025,2,8,23,26,42,47,7
1152,15/02/2025,22,37,38,47,51,55,31
1153,18/02/2025,12,13,30,38,40,47,42
1154,20/02/2025,13,17,20,27,36,54,47
1155,22/02/2025,1,2,7,22,23,46,50
1156,25/02/2025,1,7,11,24,29,30,48
1157,27/02/2025,5,9,21,31,43,53,11
1158,01/03/2025,15,17,34,37,39,45,41
1159,04/03/2025,5,14,27,43,45,53,47
1160,06/03/2025,5,10,21,26,43,51,15
1161,08/03/2025,10,38,41,43,45,48,8
1162,11/03/2025,1,16,18,30,31,44,34
1163,13/03/2025,7,13,21,43,52,53,17
1164,15/03/2025,1,34,39,40,42,50,25
1165,18/03/2025,2,8,29,30,50,55,27
1166,20/03/2025,11,13,24,28,36,41,37
1167,22/03/2025,2,23,42,50,52,54,44
1168,25/03/2025,14,23,29,30,35,40,17
1169,27/03/2025,13,25,32,36,41,53,29
1170,29/03/2025,14,19,21,24,26,48,39
1171,01/04/2025,14,15,29,33,39,47,4
1172,03/04/2025,24,26,34,42,50,51,30
1173,05/04/2025,13,23,29,32,41,42,9
1174,08/04/2025,3,7,34,41,43,53,31
1175,10/04/2025,10,13,36,37,40,43,41
1176,12/04/2025,3,14,19,37,42,55,23
1177,15/04/2025,8,23,24,27,42,49,20
1178,17/04/2025,1,17,20,38,41,52,14
1179,19/04/2025,5,11,15,32,42,49,43
1180,22/04/2025,10,25,37,40,41,48,32
1181,24/04/2025,1,2,15,39,40,47,24
1182,26/04/2025,3,15,16,31,48,52,21
1183,29/04/2025,14,15,18,23,28,33,29
1184,01/05/2025,3,17,19,41,45,50,43
1185,03/05/2025,15,19,21,26,42,47,38
1186,06/05/2025,12,16,25,28,30,39,5
1187,08/05/2025,8,14,29,37,39,50,21
1188,10/05/2025,7,16,19,28,34,51,15
1189,13/05/2025,3,7,24,39,54,55,42
1190,15/05/2025,6,9,13,44,49,54,47
1191,17/05/2025,2,7,26,29,41,50,43
1192,20/05/2025,19,27,44,45,47,52,15
1193,22/05/2025,3,9,14,41,47,55,22
1194,24/05/2025,19,20,27,30,45,55,15
1195,27/05/2025,4,12,18,19,44,48,42
1196,29/05/2025,9,37,42,45,46,50,14
1197,31/05/2025,6,24,41,45,49,55,8
1198,03/06/2025,2,11,14,16,27,38,51
1199,05/06/2025,14,21,33,37,46,49,34
1200,07/06/2025,12,17,21,46,48,52,45
1201,10/06/2025,3,6,21,29,40,41,37
1202,12/06/2025,6,8,16,18,34,44,17
1203,14/06/2025,11,12,22,26,41,47,24
1204,17/06/2025,7,13,18,22,32,44,43
1205,19/06/2025,3,5,9,10,16,47,34
1206,21/06/2025,6,10,15,43,44,53,32
1207,24/06/2025,3,9,18,20,30,53,48
1208,26/06/2025,1,14,16,27,40,51,2
1209,28/06/2025,8,11,13,20,45,50,25
1210,01/07/2025,3,11,12,14,27,33,15
1211,03/07/2025,18,19,29,31,45,54,27
1212,05/07/2025,3,15,22,45,51,55,54
1213,08/07/2025,23,24,32,42,48,50,31
1214,10/07/2025,12,33,34,42,44,53,3
1215,12/07/2025,2,34,39,41,45,52,51